<?xml version="1.0" encoding="UTF-8"?>
<!DOCTYPE xml>
<c3p0-config>
  <named-config name="mysql">
  	<!-- 连接mysql数据库的基本的必需的信息的配置 -->
  	<property name="driverClass">com.mysql.jdbc.Driver</property>
  	<property name="jdbcUrl">jdbc:mysql://127.0.0.1:3306/booksdb?useSSL=false</property>
  	<property name="user">root</property>
  	<property name="password">123456</property>
  	
    <property name="acquireIncrement">5</property>
    <property name="initialPoolSize">10</property>
    <property name="minPoolSize">5</property>
    <property name="maxPoolSize">100</property>
    <property name="maxStatements">2</property> 
    <property name="maxStatementsPerConnection">5</property>

  </named-config>
</c3p0-config>